window_pct,mae
5,4.767659445424407
10,4.74122145683361
20,4.723382673258959
35,4.740798573381037
